,reportdate_qual,reportdate_ndtk,reportdate,unified_reportdate
1,2021-04-06 07:31:37.395,2021-04-18 15:04:04.181,2022-05-06 10:00:17.455,2021-04-06 07:31:37.395
2,2021-04-06 07:31:37.395,2021-04-18 15:04:04.181,2021-06-21 11:37:30.876,2021-04-06 07:31:37.395
3,2021-04-06 07:31:37.395,2021-04-18 15:04:04.181,2023-04-27 09:32:05.145,2021-04-06 07:31:37.395
4,2021-04-06 07:31:37.395,2022-03-26 16:27:16.873,2022-05-06 10:00:17.455,2021-04-06 07:31:37.395
5,2021-04-06 07:31:37.395,2022-03-26 16:27:16.873,2021-06-21 11:37:30.876,2021-04-06 07:31:37.395
6,2021-04-06 07:31:37.395,2022-03-26 16:27:16.873,2023-04-27 09:32:05.145,2021-04-06 07:31:37.395
7,2021-04-06 07:31:37.395,2023-03-19 18:01:22.494,2022-05-06 10:00:17.455,2021-04-06 07:31:37.395
8,2021-04-06 07:31:37.395,2023-03-19 18:01:22.494,2021-06-21 11:37:30.876,2021-04-06 07:31:37.395
9,2021-04-06 07:31:37.395,2023-03-19 18:01:22.494,2023-04-27 09:32:05.145,2021-04-06 07:31:37.395
